{"cameraMode":{"drawMode":0,"name":"Shaded","section":"Shading Mode"},"sceneLighting":true,"audioPlay":false,"sceneViewState":{"showFog":true,"showMaterialUpdate":false,"showSkybox":true,"showFlares":true,"showImageEffects":true,"showParticleSystems":true},"in2DMode":false,"pivot":{"x":-15.271747589111329,"y":17.376394271850587,"z":-6.216464996337891},"rotation":{"x":-0.09395690262317658,"y":0.8635460138320923,"z":-0.17486831545829774,"w":-0.4636971652507782},"size":75.03443145751953,"orthographic":false}