{"cameraMode":{"drawMode":0,"name":"Shaded","section":"Shading Mode"},"sceneLighting":true,"audioPlay":false,"sceneViewState":{"showFog":true,"showMaterialUpdate":false,"showSkybox":true,"showFlares":true,"showImageEffects":true,"showParticleSystems":true},"in2DMode":false,"pivot":{"x":-253.14166259765626,"y":-230.1343536376953,"z":-29.156373977661134},"rotation":{"x":0.2760515809059143,"y":-0.6679044365882874,"z":0.29491883516311648,"w":0.6251291036605835},"size":501.3695983886719,"orthographic":false}