{"cameraMode":{"drawMode":0,"name":"Shaded","section":"Shading Mode"},"sceneLighting":true,"audioPlay":false,"sceneViewState":{"showFog":true,"showMaterialUpdate":false,"showSkybox":true,"showFlares":true,"showImageEffects":true,"showParticleSystems":true},"in2DMode":false,"pivot":{"x":26.94818115234375,"y":3.3766748905181886,"z":6.825722694396973},"rotation":{"x":-0.10998121649026871,"y":0.6285751461982727,"z":-0.0903754010796547,"w":-0.7646986842155457},"size":10.059662818908692,"orthographic":false}