{"cameraMode":{"drawMode":0,"name":"Shaded","section":"Shading Mode"},"sceneLighting":true,"audioPlay":false,"sceneViewState":{"showFog":true,"showMaterialUpdate":false,"showSkybox":true,"showFlares":true,"showImageEffects":true,"showParticleSystems":true},"in2DMode":false,"pivot":{"x":31.70075225830078,"y":-0.8772258758544922,"z":-12.815606117248536},"rotation":{"x":0.09918063133955002,"y":0.7871226668357849,"z":-0.13134056329727174,"w":0.5945228934288025},"size":88.95105743408203,"orthographic":false}